{"font/arialuni.ttf":["font/arialuni.ttf"],"font/helvetica.ttf":["font/helvetica.ttf"],"images/dropdown.png":["images/dropdown.png"],"images/gowam-icon.png":["images/gowam-icon.png"],"images/login_illustration.png":["images/login_illustration.png"],"images/png/black/barcode.png":["images/png/black/barcode.png"],"images/png/black/birthday.png":["images/png/black/birthday.png"],"images/png/black/box.png":["images/png/black/box.png"],"images/png/black/building.png":["images/png/black/building.png"],"images/png/black/calculator.png":["images/png/black/calculator.png"],"images/png/black/cart.png":["images/png/black/cart.png"],"images/png/black/chart.png":["images/png/black/chart.png"],"images/png/black/clock.png":["images/png/black/clock.png"],"images/png/black/code.png":["images/png/black/code.png"],"images/png/black/email.png":["images/png/black/email.png"],"images/png/black/forward.png":["images/png/black/forward.png"],"images/png/black/grid.png":["images/png/black/grid.png"],"images/png/black/info.png":["images/png/black/info.png"],"images/png/black/location.png":["images/png/black/location.png"],"images/png/black/minus.png":["images/png/black/minus.png"],"images/png/black/phone.png":["images/png/black/phone.png"],"images/png/black/plus.png":["images/png/black/plus.png"],"images/png/black/profile.png":["images/png/black/profile.png"],"images/png/black/search.png":["images/png/black/search.png"],"images/png/black/settings.png":["images/png/black/settings.png"],"images/png/black/sync.png":["images/png/black/sync.png"],"images/png/color/barcode.png":["images/png/color/barcode.png"],"images/png/color/birthday.png":["images/png/color/birthday.png"],"images/png/color/box.png":["images/png/color/box.png"],"images/png/color/building.png":["images/png/color/building.png"],"images/png/color/calculator.png":["images/png/color/calculator.png"],"images/png/color/cart.png":["images/png/color/cart.png"],"images/png/color/chart.png":["images/png/color/chart.png"],"images/png/color/clock.png":["images/png/color/clock.png"],"images/png/color/code.png":["images/png/color/code.png"],"images/png/color/email.png":["images/png/color/email.png"],"images/png/color/forward.png":["images/png/color/forward.png"],"images/png/color/gowam_icon.png":["images/png/color/gowam_icon.png"],"images/png/color/grid.png":["images/png/color/grid.png"],"images/png/color/info.png":["images/png/color/info.png"],"images/png/color/location.png":["images/png/color/location.png"],"images/png/color/minus.png":["images/png/color/minus.png"],"images/png/color/phone.png":["images/png/color/phone.png"],"images/png/color/plus.png":["images/png/color/plus.png"],"images/png/color/profile.png":["images/png/color/profile.png"],"images/png/color/search.png":["images/png/color/search.png"],"images/png/color/settings.png":["images/png/color/settings.png"],"images/png/color/sync.png":["images/png/color/sync.png"],"images/png/label_guidelines.png":["images/png/label_guidelines.png"],"images/png/pdf.png":["images/png/pdf.png"],"images/png/pdf_check.png":["images/png/pdf_check.png"],"images/png/save.png":["images/png/save.png"],"images/png/send.png":["images/png/send.png"],"images/png/sheets.png":["images/png/sheets.png"],"images/png/sheets_check.png":["images/png/sheets_check.png"],"images/png/white/barcode.png":["images/png/white/barcode.png"],"images/png/white/birthday.png":["images/png/white/birthday.png"],"images/png/white/box.png":["images/png/white/box.png"],"images/png/white/building.png":["images/png/white/building.png"],"images/png/white/calculator.png":["images/png/white/calculator.png"],"images/png/white/cart.png":["images/png/white/cart.png"],"images/png/white/chart.png":["images/png/white/chart.png"],"images/png/white/clock.png":["images/png/white/clock.png"],"images/png/white/code.png":["images/png/white/code.png"],"images/png/white/email.png":["images/png/white/email.png"],"images/png/white/forward.png":["images/png/white/forward.png"],"images/png/white/grid.png":["images/png/white/grid.png"],"images/png/white/info.png":["images/png/white/info.png"],"images/png/white/location.png":["images/png/white/location.png"],"images/png/white/minus.png":["images/png/white/minus.png"],"images/png/white/phone.png":["images/png/white/phone.png"],"images/png/white/plus.png":["images/png/white/plus.png"],"images/png/white/profile.png":["images/png/white/profile.png"],"images/png/white/search.png":["images/png/white/search.png"],"images/png/white/settings.png":["images/png/white/settings.png"],"images/png/white/sync.png":["images/png/white/sync.png"],"images/png/xls.png":["images/png/xls.png"],"images/png/xls_check.png":["images/png/xls_check.png"],"images/svg/black/barcode.svg":["images/svg/black/barcode.svg"],"images/svg/black/birthday.svg":["images/svg/black/birthday.svg"],"images/svg/black/box.svg":["images/svg/black/box.svg"],"images/svg/black/building.svg":["images/svg/black/building.svg"],"images/svg/black/calculator.svg":["images/svg/black/calculator.svg"],"images/svg/black/cart.svg":["images/svg/black/cart.svg"],"images/svg/black/chart.svg":["images/svg/black/chart.svg"],"images/svg/black/clock.svg":["images/svg/black/clock.svg"],"images/svg/black/code.svg":["images/svg/black/code.svg"],"images/svg/black/email.svg":["images/svg/black/email.svg"],"images/svg/black/forward.svg":["images/svg/black/forward.svg"],"images/svg/black/info.svg":["images/svg/black/info.svg"],"images/svg/black/location.svg":["images/svg/black/location.svg"],"images/svg/black/minus.svg":["images/svg/black/minus.svg"],"images/svg/black/phone.svg":["images/svg/black/phone.svg"],"images/svg/black/plus.svg":["images/svg/black/plus.svg"],"images/svg/black/profile.svg":["images/svg/black/profile.svg"],"images/svg/black/search.svg":["images/svg/black/search.svg"],"images/svg/black/settings.svg":["images/svg/black/settings.svg"],"images/svg/black/sync.svg":["images/svg/black/sync.svg"],"images/svg/color/barcode.svg":["images/svg/color/barcode.svg"],"images/svg/color/birthday.svg":["images/svg/color/birthday.svg"],"images/svg/color/box.svg":["images/svg/color/box.svg"],"images/svg/color/building.svg":["images/svg/color/building.svg"],"images/svg/color/calculator.svg":["images/svg/color/calculator.svg"],"images/svg/color/cart.svg":["images/svg/color/cart.svg"],"images/svg/color/chart.svg":["images/svg/color/chart.svg"],"images/svg/color/clock.svg":["images/svg/color/clock.svg"],"images/svg/color/code.svg":["images/svg/color/code.svg"],"images/svg/color/email.svg":["images/svg/color/email.svg"],"images/svg/color/forward.svg":["images/svg/color/forward.svg"],"images/svg/color/info.svg":["images/svg/color/info.svg"],"images/svg/color/location.svg":["images/svg/color/location.svg"],"images/svg/color/minus.svg":["images/svg/color/minus.svg"],"images/svg/color/phone.svg":["images/svg/color/phone.svg"],"images/svg/color/plus.svg":["images/svg/color/plus.svg"],"images/svg/color/profile.svg":["images/svg/color/profile.svg"],"images/svg/color/search.svg":["images/svg/color/search.svg"],"images/svg/color/settings.svg":["images/svg/color/settings.svg"],"images/svg/color/sync.svg":["images/svg/color/sync.svg"],"images/svg/white/barcode.svg":["images/svg/white/barcode.svg"],"images/svg/white/birthday.svg":["images/svg/white/birthday.svg"],"images/svg/white/box.svg":["images/svg/white/box.svg"],"images/svg/white/building.svg":["images/svg/white/building.svg"],"images/svg/white/calculator.svg":["images/svg/white/calculator.svg"],"images/svg/white/cart.svg":["images/svg/white/cart.svg"],"images/svg/white/chart.svg":["images/svg/white/chart.svg"],"images/svg/white/clock.svg":["images/svg/white/clock.svg"],"images/svg/white/code.svg":["images/svg/white/code.svg"],"images/svg/white/email.svg":["images/svg/white/email.svg"],"images/svg/white/forward.svg":["images/svg/white/forward.svg"],"images/svg/white/info.svg":["images/svg/white/info.svg"],"images/svg/white/location.svg":["images/svg/white/location.svg"],"images/svg/white/minus.svg":["images/svg/white/minus.svg"],"images/svg/white/phone.svg":["images/svg/white/phone.svg"],"images/svg/white/plus.svg":["images/svg/white/plus.svg"],"images/svg/white/profile.svg":["images/svg/white/profile.svg"],"images/svg/white/search.svg":["images/svg/white/search.svg"],"images/svg/white/settings.svg":["images/svg/white/settings.svg"],"images/svg/white/sync.svg":["images/svg/white/sync.svg"],"images/your_logo.jpg":["images/your_logo.jpg"],"packages/cupertino_icons/assets/CupertinoIcons.ttf":["packages/cupertino_icons/assets/CupertinoIcons.ttf"],"packages/syncfusion_flutter_datagrid/assets/font/FilterIcon.ttf":["packages/syncfusion_flutter_datagrid/assets/font/FilterIcon.ttf"],"packages/syncfusion_flutter_datagrid/assets/font/UnsortIcon.ttf":["packages/syncfusion_flutter_datagrid/assets/font/UnsortIcon.ttf"],"packages/syncfusion_flutter_pdfviewer/assets/fonts/RobotoMono-Regular.ttf":["packages/syncfusion_flutter_pdfviewer/assets/fonts/RobotoMono-Regular.ttf"],"packages/syncfusion_flutter_pdfviewer/assets/icons/dark/highlight.png":["packages/syncfusion_flutter_pdfviewer/assets/icons/dark/highlight.png"],"packages/syncfusion_flutter_pdfviewer/assets/icons/dark/squiggly.png":["packages/syncfusion_flutter_pdfviewer/assets/icons/dark/squiggly.png"],"packages/syncfusion_flutter_pdfviewer/assets/icons/dark/strikethrough.png":["packages/syncfusion_flutter_pdfviewer/assets/icons/dark/strikethrough.png"],"packages/syncfusion_flutter_pdfviewer/assets/icons/dark/underline.png":["packages/syncfusion_flutter_pdfviewer/assets/icons/dark/underline.png"],"packages/syncfusion_flutter_pdfviewer/assets/icons/light/highlight.png":["packages/syncfusion_flutter_pdfviewer/assets/icons/light/highlight.png"],"packages/syncfusion_flutter_pdfviewer/assets/icons/light/squiggly.png":["packages/syncfusion_flutter_pdfviewer/assets/icons/light/squiggly.png"],"packages/syncfusion_flutter_pdfviewer/assets/icons/light/strikethrough.png":["packages/syncfusion_flutter_pdfviewer/assets/icons/light/strikethrough.png"],"packages/syncfusion_flutter_pdfviewer/assets/icons/light/underline.png":["packages/syncfusion_flutter_pdfviewer/assets/icons/light/underline.png"]}